Roll No,Name,Program,Thesis Supervisor,Discipline,Email ID,Column 1
M25DS007,OM RAJ SINGH,M.Tech,Dr. Sk Subidh Ali,Data Science and Artificial Intelligence,,
P24DS501,Nabanita Sadhukhan,PhD,Dr Rajesh Kumar Mundotiya,Data Science and Artificial Intelligence,,
M26DS002,AMARTYA MONDAL,Mtech (2026-27-M),DPGC,Data Science and Artificial Intelligence,M26DS002@iitbhilai.ac.in,
12110080,Kartikeya Saraswat,PhD,Dr. Soumajit Pramanik,Data Science and Artificial Intelligence,,
P25DS501,Chamman Lal,PhD,Dr. Soumajit Pramanik,Data Science and Artificial Intelligence,,
M25DS003,KAIVALYA VANMALI,M.Tech,Dr. Soumajit Pramanik,Data Science and Artificial Intelligence,,
M25DS004,KARAN JAGDISH SHARDUL,M.Tech,Dr. Soumajit Pramanik,Data Science and Artificial Intelligence,,
M25DS017,VIRESH TUSHAR KOLI,M.Tech,Dr. Soumajit Pramanik,Data Science and Artificial Intelligence,,
M25DS018,YADAV AKHILESHKUMAR SANJAY,M.Tech,Dr. Sk Subidh Ali,Data Science and Artificial Intelligence,,
M26DS001,AMANKUMAR SUSHIL DUBEY,Mtech (2026-27-M),DPGC,Data Science and Artificial Intelligence,M26DS001@iitbhilai.ac.in,OM
12310310,SHREYANSH FAYE,PhD,Dr. Anil Kumar Sao,Data Science and Artificial Intelligence,,
M25DS013,SURYA KANT MANI,M.Tech,Dr Rajesh Kumar Mundotiya,Data Science and Artificial Intelligence,,
M25DS015,VARUN MADAN SHIRBHAYYE,M.Tech,Dr Rajesh Kumar Mundotiya,Data Science and Artificial Intelligence,,
P25DS001,Shivani Singh,PhD,Dr. Sk Subidh Ali,Data Science and Artificial Intelligence,,
P25CS001,Susheel Verma,PhD,Dr Rajesh Kumar Mundotiya,Computer Science and Engineering,,
M25DS014,VANSHIKA SRIVASTAVA,M.Tech,Dr. Vishwesh Jatala,Data Science and Artificial Intelligence,,
M25DS002,DHANANJOY DOLEY,M.Tech,Dr. Anil Kumar Sao,Data Science and Artificial Intelligence,,
M26CS016,SHIVAM  VISHWAKARMA ,Mtech (2026-27-M),DPGC,Computer Science and Engineering,M26CS016@iitbhilai.ac.in,
12210150,SHANKAR KUMAR,PhD,Dr. Nitin Khanna,Data Science and Artificial Intelligence,,
M25DS008,ROHAN SINHA,M.Tech,Dr. Anil Kumar Sao,Data Science and Artificial Intelligence,,
M25CS011,RAUSHAN KUMAR,M.Tech,Dr. Santosh Biswas,Computer Science and Engineering,,
12210830,Umesh Kashyap,PhD,Dr. Sk Subidh Ali,Computer Science and Engineering,,
M26CS020,YOGESH YADAV,Mtech (2026-27-M),DPGC,Computer Science and Engineering,M26CS020@iitbhilai.ac.in,
M25CS002,ANIKET JAIN,M.Tech,Dr. Dhiman Saha,Computer Science and Engineering,,
M25DS006,NEHA BHARTI,M.Tech,Dr. Dhiman Saha,Data Science and Artificial Intelligence,,
M26DS012,SATYAM DAS,Mtech (2026-27-M),DPGC,Data Science and Artificial Intelligence,M26DS012@iitbhilai.ac.in,Aman
M26DS013,SOUMILI BASU,Mtech (2026-27-M),DPGC,Data Science and Artificial Intelligence,M26DS013@iitbhilai.ac.in,
P26DS003,NIKITA AGRAWAL,PhD (2026-27-M),DPGC,Data Science and Artificial Intelligence,P26DS003@iitbhilai.ac.in,
P24CS502,Satyam Singh,PhD,Dr. Anand M. Baswade,Computer Science and Engineering,,
M25CS006,ISHAN BHATI,M.Tech,Dr. Anand M. Baswade,Computer Science and Engineering,,
M26CS012,BHASKAR  SAPATE,Mtech (2026-27-M),DPGC,Computer Science and Engineering,M26CS012@iitbhilai.ac.in,
P26CS001,ASHUTOSH CHOUBEY,PhD (2026-27-M),DPGC,Computer Science and Engineering,P26CS001@iitbhilai.ac.in,
P26DS001,ANJALI PATEL,PhD (2026-27-M),DPGC,Data Science and Artificial Intelligence,P26DS001@iitbhilai.ac.in,
M26CS017,SOUVIK DEY,Mtech (2026-27-M),DPGC,Computer Science and Engineering,M26CS017@iitbhilai.ac.in,
12210010,AJAY KUMAR DAS,PhD,Dr. Dhiman Saha,Computer Science and Engineering,,
P24CS002,Bhavesh Kumar,PHD,Dr. Dhiman Saha,Computer Science and Engineering,,
,Vipin,PhD,Dr. Dhiman Saha,Computer Science and Engineering,,
M26CS014,HEMANT  SAKWAR ,Mtech (2026-27-M),DPGC,Computer Science and Engineering,M26CS014@iitbhilai.ac.in,
M25CS013,SAYAN CHOUDHURY,M.Tech,Dr. Vinod Reddy,Computer Science and Engineering,,
M25CS007,KIRTI MAHAPATRA,M.Tech,Dr. Vinod Reddy,Computer Science and Engineering,,
M25CS003,ANMOL AGRAWAL,M.Tech,Dr. Anand M. Baswade,Computer Science and Engineering,,
M26DS015,YAMMANURU MADHU SUDHANA REDDY,Mtech (2026-27-M),DPGC,Data Science and Artificial Intelligence,M26DS015@iitbhilai.ac.in,
P24CS007,Vikrant Sahu,PhD,Dr. Gagan Raj Gupta,Computer Science and Engineering,,
M25DS012,SHIVAM KUSHWAHA,M.Tech,Dr. Gagan Raj Gupta,Data Science and Artificial Intelligence,,
M25CS009,KOMAL KUMARI,M.Tech,Dr. Rishi Ranjan Singh,Computer Science and Engineering,,
M25CS015,SUDHANSHU JAIN,M.Tech,Dr. Souradyuti Paul,Computer Science and Engineering,,
M26CS002,BHASKAR KUMAR,Mtech (2026-27-M),DPGC,Computer Science and Engineering,M26CS002@iitbhilai.ac.in,
M26DS011,SAKSHAM KOHLI,Mtech (2026-27-M),DPGC,Data Science and Artificial Intelligence,M26DS011@iitbhilai.ac.in,
M25CS014,SHRINIDHI NARWRIYA,M.Tech,Dr. Dhiman Saha,Computer Science and Engineering,,
12310400,SUDHANSHU MISHRA,PhD,Dr. Barun Gorain,Data Science and Artificial Intelligence,,
M25DS010,SANOOP T V,M.Tech,Dr. Vishwesh Jatala,Data Science and Artificial Intelligence,,
M25DS016,VEDANT TAWRI,M.Tech,Dr. AMIT KUMAR DHAR,Data Science and Artificial Intelligence,,
M26DS006,DEEPAJYOTI CHAKRABORTY,Mtech (2026-27-M),DPGC,Data Science and Artificial Intelligence,M26DS006@iitbhilai.ac.in,
M26DS007,K SRINU,Mtech (2026-27-M),DPGC,Data Science and Artificial Intelligence,M26DS007@iitbhilai.ac.in,
P25CS502,Vidhi Sharma,PhD,Dr. Barun Gorain,Computer Science and Engineering,,
M25CS008,KISHAN PARASHAR,M.Tech,Dr.Santosh Biswas,Computer Science and Engineering,,
M26DS008,KASHVI PATIL,Mtech (2026-27-M),DPGC,Data Science and Artificial Intelligence,M26DS008@iitbhilai.ac.in,
12311290,Manish sahu,PhD,Prof. Santosh and Dr. Dhiman,Computer Science and Engineering,,
12310160,MANISH BHARDWAJ,PhD,Dr. Santosh Biswas,Computer Science and Engineering,,
M26DS016,GOBINDA PRASAD BAG,Mtech (2026-27-M),DPGC,Data Science and Artificial Intelligence,M26DS016@iitbhilai.ac.in,
P24CS501,Deepeh Kumar Dwivedi,PhD,Dr. Sk Subidh Ali,Computer Science and Engineering,,
P25CS501,Pankaj Kashyap,PhD,Dr. Sk Subidh Ali,Computer Science and Engineering,,
M25DS011,SARVESH BADONI,M.Tech,Dr. Sk Subidh Ali,Data Science and Artificial Intelligence,,
M26CS009,OM KESHARWANI,Mtech (2026-27-M),DPGC,Computer Science and Engineering,M26CS009@iitbhilai.ac.in,
M26CS011,AMAN RAJ,Mtech (2026-27-M),DPGC,Computer Science and Engineering,M26CS011@iitbhilai.ac.in,
12310020,ABU TALHA,PhD,Dr. Souradyuti Paul,Data Science and Artificial Intelligence,,
P24CS503,Vijay shankar tiwari,PhD,Dr. Souradyuti Paul,Computer Science and Engineering,,
M25CS004,AYUSH PAL,M.Tech,Dr. Souradyuti Paul,Computer Science and Engineering,,
P26CS003,MANSI SINGHANIA,PhD (2026-27-M),DPGC,Computer Science and Engineering,P26CS003@iitbhilai.ac.in,
P26CS004,PRAGYAN PARAMITA MAHAPATRA,PhD (2026-27-M),DPGC,Computer Science and Engineering,P26CS004@iitbhilai.ac.in,
M26CS013,BOLLEPALLI  HEMANTH ,Mtech (2026-27-M),DPGC,Computer Science and Engineering,M26CS013@iitbhilai.ac.in,
P24DS003,Vijay Chorasiya,PhD,Dr. Barun Gorain,Data Science and Artificial Intelligence,,
P24CS003,Jyotirmaya Sahoo,PhD,"Dr. Rishi Ranjan Singh, Dr. Vinod Reddy",Computer Science and Engineering,,
P24CS005,Radha Rani,PhD,Dr. AMIT KUMAR DHAR,Computer Science and Engineering,,
12310110,KIRTIDEV MOHAPATRA,PhD,Dr. Rishi Ranjan Singh,Computer Science and Engineering,,
M25CS010,PRIYANSHU KUMAR,M.Tech,Dr. Rishi Ranjan Singh,Computer Science and Engineering,,
M25CS001,ABHAY GAUTAM,M.Tech,Dr. Rishi Ranjan Singh,Computer Science and Engineering,,
M26CS001,APARNA,Mtech (2026-27-M),DPGC,Computer Science and Engineering,M26CS001@iitbhilai.ac.in,
P25CS503,Yash Raj Verma,PhD,Dr. Vishwesh Jatala,Computer Science and Engineering,,
M25DS005,KUSHAL KHACHANE,M.Tech,Dr. Vishwesh Jatala,Data Science and Artificial Intelligence,,
M26CS003,CHAITANYA KALLEPALLI,Mtech (2026-27-M),DPGC,Computer Science and Engineering,M26CS003@iitbhilai.ac.in,
M26CS004,CHIRANJIT MANDAL,Mtech (2026-27-M),DPGC,Computer Science and Engineering,M26CS004@iitbhilai.ac.in,
M26CS005,DIVYANSHU KULHADIYA,Mtech (2026-27-M),DPGC,Computer Science and Engineering,M26CS005@iitbhilai.ac.in,
M26CS006,GARV AGARWAL,Mtech (2026-27-M),DPGC,Computer Science and Engineering,M26CS006@iitbhilai.ac.in,
M26CS018,SUBHAM BISWAS,Mtech (2026-27-M),DPGC,Computer Science and Engineering,M26CS018@iitbhilai.ac.in,
12210810,Surendra Kumar Rajput ,PhD ,Dr. Vishwesh Jatala,Computer Science and Engineering,,
12310120,KISHAN TAMBOLI,PhD,Dr. Vishwesh Jatala,Computer Science and Engineering,,
M26CS008,KISHAN KUMAR THAKUR,Mtech (2026-27-M),DPGC,Computer Science and Engineering,M26CS008@iitbhilai.ac.in,
M26CS010,SHASHANK RAI,Mtech (2026-27-M),DPGC,Computer Science and Engineering,M26CS010@iitbhilai.ac.in,
M26CS019,YASH RAJ PATEL,Mtech (2026-27-M),DPGC,Computer Science and Engineering,M26CS019@iitbhilai.ac.in,
M26DS009,RAHUL KUMAR BEHRA,Mtech (2026-27-M),DPGC,Data Science and Artificial Intelligence,M26DS009@iitbhilai.ac.in,
P25CS001,Riya Jana,PhD,Dr. Dhiman Saha,Computer Science and Engineering,,
M26DS003,ANSHUL KUMAR,Mtech (2026-27-M),DPGC,Data Science and Artificial Intelligence,M26DS003@iitbhilai.ac.in,
M26DS005,ARYAN PANDEY,Mtech (2026-27-M),DPGC,Data Science and Artificial Intelligence,M26DS005@iitbhilai.ac.in,
P26CS005,UTKARSH SHRIVASTAVA,PhD (2026-27-M),DPGC,Computer Science and Engineering,P26CS005@iitbhilai.ac.in,
M26DS010,ROHAN SEN,Mtech (2026-27-M),DPGC,Data Science and Artificial Intelligence,M26DS010@iitbhilai.ac.in,
M25DS001,ANSHUL TIWARI,M.Tech,Dr. Gagan Raj Gupta,Data Science and Artificial Intelligence,,