Name,Email ID
Prof. Santosh Biswas,santosh@iitbhilai.ac.in
Prof. Souradyuti Paul,souradyuti@iitbhilai.ac.in
Prof. Anil Kumar Sao,anil@iitbhilai.ac.in
Dr. Gagan Raj Gupta,gagan@iitbhilai.ac.in
Dr. Rishi Ranjan Singh,rishi@iitbhilai.ac.in
Dr. Sk Subidh Ali,subidh@iitbhilai.ac.in
Dr. Dhiman Saha,dhiman@iitbhilai.ac.in
Dr. Barun Gorain,barun@iitbhilai.ac.in
Dr. Amit Kumar Dhar,amitkdhar@iitbhilai.ac.in
Dr. Vinod Reddy,vinod@iitbhilai.ac.in
Dr. Anand M. Baswade,anand@iitbhilai.ac.in
Dr. Vishwesh Jatala,vishwesh@iitbhilai.ac.in
Dr. Soumajit Pramanik,soumajit@iitbhilai.ac.in
Dr. Rajesh Kumar Mundotiya,rmundotiya@iitbhilai.ac.in
Dr. Shivam Gupta,shivamg@iitbhilai.ac.in
